Start Date, End Date, Duration, Start Elevation, End Elevation, Percent Difference, Rate of Change, Drawdown
1/2/97,1/13/97,12,7736.0,7734.0,-0.0002585315408479835,-0.18181818181818182,-2.0
1/15/97,1/26/97,12,7734.0,7732.0,-0.0002585983966899405,-0.18181818181818182,-2.0
1/28/97,2/8/97,12,7732.0,7730.0,-0.0002586652871184687,-0.18181818181818182,-2.0
2/14/97,2/24/97,11,7729.0,7727.0,-0.00025876568766981497,-0.2,-2.0
3/1/97,3/17/97,17,7726.0,7722.0,-0.0005177323323841574,-0.25,-4.0
4/1/97,4/10/97,10,7721.0,7720.0,-0.00012951690195570523,-0.1111111111111111,-1.0
4/12/97,4/23/97,12,7719.0,7716.0,-0.000388651379712398,-0.2727272727272727,-3.0
4/29/97,5/6/97,8,7716.0,7715.0,-0.00012960082944530845,-0.14285714285714285,-1.0
7/19/97,7/28/97,10,7766.0,7765.0,-0.0001287664177182591,-0.1111111111111111,-1.0
7/31/97,8/12/97,13,7765.0,7763.0,-0.00025756600128783,-0.16666666666666666,-2.0
8/21/97,8/30/97,10,7763.0,7762.0,-0.0001288161793121216,-0.1111111111111111,-1.0
9/6/97,9/18/97,13,7761.0,7759.0,-0.00025769875016106174,-0.16666666666666666,-2.0
10/1/97,10/12/97,12,7759.0,7757.0,-0.0002577651759247326,-0.18181818181818182,-2.0
10/13/97,10/24/97,12,7757.0,7755.0,-0.00025783163594173,-0.18181818181818182,-2.0
10/25/97,11/7/97,14,7755.0,7752.0,-0.00038684719535783365,-0.23076923076923078,-3.0
11/12/97,11/24/97,13,7752.0,7750.0,-0.00025799793601651185,-0.16666666666666666,-2.0
11/25/97,2/28/98,96,7750.0,7724.0,-0.0033548387096774194,-0.2736842105263158,-26.0
3/1/98,4/26/98,57,7727.0,7701.0,-0.003364824640869678,-0.4642857142857143,-26.0
8/19/98,10/26/98,69,7764.0,7735.0,-0.0037351880473982485,-0.4264705882352941,-29.0
10/31/98,11/9/98,10,7735.0,7734.0,-0.0001292824822236587,-0.1111111111111111,-1.0
11/25/98,12/4/98,10,7734.0,7733.0,-0.00012929919834497026,-0.1111111111111111,-1.0
12/10/98,12/19/98,10,7733.0,7732.0,-0.000129315918789603,-0.1111111111111111,-1.0
12/21/98,12/30/98,10,7732.0,7731.0,-0.00012933264355923435,-0.1111111111111111,-1.0
12/31/98,1/9/99,10,7731.0,7730.0,-0.0001293493726555426,-0.1111111111111111,-1.0
1/11/99,1/20/99,10,7730.0,7729.0,-0.000129366106080207,-0.1111111111111111,-1.0
1/23/99,2/1/99,10,7729.0,7728.0,-0.00012938284383490748,-0.1111111111111111,-1.0
2/3/99,2/12/99,10,7728.0,7727.0,-0.00012939958592132506,-0.1111111111111111,-1.0
2/14/99,2/23/99,10,7727.0,7726.0,-0.00012941633234114146,-0.1111111111111111,-1.0
2/25/99,3/6/99,10,7726.0,7725.0,-0.00012943308309603936,-0.1111111111111111,-1.0
3/7/99,3/16/99,10,7725.0,7724.0,-0.00012944983818770226,-0.1111111111111111,-1.0
8/6/99,8/15/99,10,7766.0,7765.0,-0.0001287664177182591,-0.1111111111111111,-1.0
8/20/99,8/29/99,10,7765.0,7764.0,-0.000128783000643915,-0.1111111111111111,-1.0
9/1/99,9/23/99,23,7764.0,7759.0,-0.0006439979392065945,-0.22727272727272727,-5.0
9/27/99,11/10/99,45,7759.0,7743.0,-0.0020621214073978608,-0.36363636363636365,-16.0
11/15/99,11/28/99,14,7743.0,7741.0,-0.0002582978173834431,-0.15384615384615385,-2.0
12/2/99,12/14/99,13,7741.0,7739.0,-0.000258364552383413,-0.16666666666666666,-2.0
12/17/99,12/30/99,14,7739.0,7737.0,-0.0002584313218762114,-0.15384615384615385,-2.0
1/1/00,1/13/00,13,7737.0,7735.0,-0.00025849812588858733,-0.16666666666666666,-2.0
1/15/00,1/27/00,13,7735.0,7733.0,-0.0002585649644473174,-0.16666666666666666,-2.0
1/30/00,2/11/00,13,7733.0,7731.0,-0.000258631837579206,-0.16666666666666666,-2.0
2/14/00,2/26/00,13,7731.0,7729.0,-0.0002586987453110852,-0.16666666666666666,-2.0
2/28/00,3/12/00,14,7729.0,7727.0,-0.00025876568766981497,-0.15384615384615385,-2.0
3/14/00,3/26/00,13,7727.0,7725.0,-0.0002588326646822829,-0.16666666666666666,-2.0
3/29/00,4/12/00,15,7725.0,7722.0,-0.0003883495145631068,-0.21428571428571427,-3.0
6/13/00,6/22/00,10,7768.0,7767.0,-0.00012873326467559217,-0.1111111111111111,-1.0
7/3/00,7/12/00,10,7767.0,7765.0,-0.00025749967812540236,-0.2222222222222222,-2.0
7/19/00,9/23/00,67,7766.0,7742.0,-0.003090394025238218,-0.36363636363636365,-24.0
10/11/00,10/21/00,11,7742.0,7740.0,-0.0002583311805734952,-0.2,-2.0
10/26/00,11/4/00,10,7739.0,7738.0,-0.0001292156609381057,-0.1111111111111111,-1.0
11/15/00,11/24/00,10,7738.0,7737.0,-0.00012923235978288964,-0.1111111111111111,-1.0
11/30/00,12/9/00,10,7737.0,7736.0,-0.00012924906294429367,-0.1111111111111111,-1.0
12/15/00,12/24/00,10,7736.0,7735.0,-0.00012926577042399174,-0.1111111111111111,-1.0
12/28/00,1/6/01,10,7735.0,7734.0,-0.0001292824822236587,-0.1111111111111111,-1.0
1/8/01,1/17/01,10,7734.0,7733.0,-0.00012929919834497026,-0.1111111111111111,-1.0
1/19/01,1/28/01,10,7733.0,7732.0,-0.000129315918789603,-0.1111111111111111,-1.0
1/30/01,2/8/01,10,7732.0,7731.0,-0.00012933264355923435,-0.1111111111111111,-1.0
2/9/01,2/18/01,10,7731.0,7730.0,-0.0001293493726555426,-0.1111111111111111,-1.0
2/19/01,2/28/01,10,7730.0,7729.0,-0.000129366106080207,-0.1111111111111111,-1.0
3/1/01,3/10/01,10,7729.0,7728.0,-0.00012938284383490748,-0.1111111111111111,-1.0
3/12/01,3/21/01,10,7728.0,7727.0,-0.00012939958592132506,-0.1111111111111111,-1.0
3/24/01,4/2/01,10,7727.0,7726.0,-0.00012941633234114146,-0.1111111111111111,-1.0
4/15/01,4/19/01,5,7726.0,7725.0,-0.00012943308309603936,-0.25,-1.0
7/24/01,8/5/01,13,7760.0,7758.0,-0.0002577319587628866,-0.16666666666666666,-2.0
8/12/01,10/14/01,64,7759.0,7735.0,-0.003093182111096791,-0.38095238095238093,-24.0
10/17/01,10/29/01,13,7735.0,7733.0,-0.0002585649644473174,-0.16666666666666666,-2.0
10/31/01,11/12/01,13,7733.0,7731.0,-0.000258631837579206,-0.16666666666666666,-2.0
11/13/01,11/24/01,12,7731.0,7729.0,-0.0002586987453110852,-0.18181818181818182,-2.0
11/25/01,12/5/01,11,7729.0,7727.0,-0.00025876568766981497,-0.2,-2.0
12/10/01,12/19/01,10,7727.0,7726.0,-0.00012941633234114146,-0.1111111111111111,-1.0
12/22/01,12/31/01,10,7726.0,7725.0,-0.00012943308309603936,-0.1111111111111111,-1.0
1/1/02,1/10/02,10,7725.0,7724.0,-0.00012944983818770226,-0.1111111111111111,-1.0
1/20/02,1/29/02,10,7724.0,7723.0,-0.0001294665976178146,-0.1111111111111111,-1.0
2/6/02,2/15/02,10,7723.0,7722.0,-0.00012948336138806163,-0.1111111111111111,-1.0
2/23/02,3/4/02,10,7722.0,7721.0,-0.0001295001295001295,-0.1111111111111111,-1.0
3/11/02,3/20/02,10,7721.0,7720.0,-0.00012951690195570523,-0.1111111111111111,-1.0
6/27/02,9/22/02,88,7739.0,7699.0,-0.005168626437524228,-0.45977011494252873,-40.0
9/25/02,10/4/02,10,7699.0,7698.0,-0.000129886998311469,-0.1111111111111111,-1.0
10/9/02,10/18/02,10,7698.0,7697.0,-0.00012990387113535984,-0.1111111111111111,-1.0
12/13/02,12/22/02,10,7698.0,7697.0,-0.00012990387113535984,-0.1111111111111111,-1.0
1/20/03,1/29/03,10,7697.0,7696.0,-0.00012992074834351045,-0.1111111111111111,-1.0
2/22/03,3/3/03,10,7696.0,7695.0,-0.00012993762993762994,-0.1111111111111111,-1.0
7/25/03,8/3/03,10,7762.0,7761.0,-0.00012883277505797475,-0.1111111111111111,-1.0
8/4/03,9/11/03,39,7761.0,7750.0,-0.0014173431258858395,-0.2894736842105263,-11.0
9/15/03,10/31/03,47,7751.0,7735.0,-0.002064249774222681,-0.34782608695652173,-16.0
11/5/03,11/14/03,10,7735.0,7734.0,-0.0001292824822236587,-0.1111111111111111,-1.0
11/18/03,11/27/03,10,7734.0,7733.0,-0.00012929919834497026,-0.1111111111111111,-1.0
12/6/03,12/15/03,10,7733.0,7732.0,-0.000129315918789603,-0.1111111111111111,-1.0
12/23/03,1/4/04,13,7731.0,7729.0,-0.0002586987453110852,-0.16666666666666666,-2.0
1/8/04,1/20/04,13,7729.0,7727.0,-0.00025876568766981497,-0.16666666666666666,-2.0
1/21/04,1/28/04,8,7727.0,7725.0,-0.0002588326646822829,-0.2857142857142857,-2.0
1/30/04,2/11/04,13,7726.0,7723.0,-0.000388299249288118,-0.25,-3.0
2/18/04,3/2/04,14,7722.0,7720.0,-0.000259000259000259,-0.15384615384615385,-2.0
3/4/04,3/15/04,12,7720.0,7718.0,-0.00025906735751295336,-0.18181818181818182,-2.0
3/18/04,3/22/04,5,7718.0,7717.0,-0.0001295672454003628,-0.25,-1.0
8/6/04,9/23/04,49,7757.0,7743.0,-0.0018048214515921104,-0.2916666666666667,-14.0
9/27/04,10/17/04,21,7743.0,7738.0,-0.0006457445434586077,-0.25,-5.0
10/22/04,10/31/04,10,7737.0,7736.0,-0.00012924906294429367,-0.1111111111111111,-1.0
11/11/04,11/20/04,10,7736.0,7735.0,-0.00012926577042399174,-0.1111111111111111,-1.0
11/25/04,12/4/04,10,7735.0,7734.0,-0.0001292824822236587,-0.1111111111111111,-1.0
12/7/04,12/16/04,10,7734.0,7733.0,-0.00012929919834497026,-0.1111111111111111,-1.0
12/19/04,12/28/04,10,7733.0,7732.0,-0.000129315918789603,-0.1111111111111111,-1.0
12/29/04,1/7/05,10,7732.0,7731.0,-0.00012933264355923435,-0.1111111111111111,-1.0
1/10/05,1/19/05,10,7731.0,7730.0,-0.0001293493726555426,-0.1111111111111111,-1.0
1/21/05,1/30/05,10,7730.0,7729.0,-0.000129366106080207,-0.1111111111111111,-1.0
1/31/05,2/9/05,10,7729.0,7728.0,-0.00012938284383490748,-0.1111111111111111,-1.0
2/10/05,2/19/05,10,7728.0,7727.0,-0.00012939958592132506,-0.1111111111111111,-1.0
2/21/05,3/2/05,10,7727.0,7726.0,-0.00012941633234114146,-0.1111111111111111,-1.0
3/11/05,3/20/05,10,7725.0,7724.0,-0.00012944983818770226,-0.1111111111111111,-1.0
3/30/05,4/8/05,10,7723.0,7722.0,-0.00012948336138806163,-0.1111111111111111,-1.0
7/2/05,7/11/05,10,7766.0,7765.0,-0.0001287664177182591,-0.1111111111111111,-1.0
7/26/05,8/4/05,10,7766.0,7765.0,-0.0001287664177182591,-0.1111111111111111,-1.0
8/14/05,10/2/05,50,7766.0,7746.0,-0.0025753283543651817,-0.40816326530612246,-20.0
10/3/05,10/12/05,10,7746.0,7745.0,-0.00012909888974954814,-0.1111111111111111,-1.0
11/19/05,11/28/05,10,7747.0,7746.0,-0.0001290822253775655,-0.1111111111111111,-1.0
12/13/05,12/22/05,10,7746.0,7745.0,-0.00012909888974954814,-0.1111111111111111,-1.0
12/23/05,1/5/06,14,7745.0,7743.0,-0.0002582311168495804,-0.15384615384615385,-2.0
1/6/06,1/17/06,12,7743.0,7741.0,-0.0002582978173834431,-0.18181818181818182,-2.0
1/21/06,1/30/06,10,7740.0,7738.0,-0.00025839793281653745,-0.2222222222222222,-2.0
2/3/06,2/16/06,14,7737.0,7734.0,-0.00038774718883288094,-0.23076923076923078,-3.0
2/20/06,3/9/06,18,7733.0,7729.0,-0.000517263675158412,-0.23529411764705882,-4.0
3/13/06,3/31/06,19,7728.0,7724.0,-0.0005175983436853002,-0.2222222222222222,-4.0
4/5/06,4/13/06,9,7723.0,7720.0,-0.0003884500841641849,-0.375,-3.0
7/29/06,10/4/06,68,7764.0,7744.0,-0.002575991756826378,-0.29850746268656714,-20.0
10/27/06,11/5/06,10,7744.0,7743.0,-0.00012913223140495868,-0.1111111111111111,-1.0
12/7/06,12/16/06,10,7743.0,7742.0,-0.00012914890869172155,-0.1111111111111111,-1.0
12/24/06,1/2/07,10,7742.0,7741.0,-0.0001291655902867476,-0.1111111111111111,-1.0
1/6/07,1/15/07,10,7741.0,7740.0,-0.0001291822761917065,-0.1111111111111111,-1.0
1/19/07,1/28/07,10,7740.0,7739.0,-0.00012919896640826872,-0.1111111111111111,-1.0
2/2/07,2/12/07,11,7738.0,7736.0,-0.0002584647195657793,-0.2,-2.0
2/16/07,2/26/07,11,7735.0,7733.0,-0.0002585649644473174,-0.2,-2.0
3/2/07,3/12/07,11,7732.0,7730.0,-0.0002586652871184687,-0.2,-2.0
3/21/07,3/30/07,10,7729.0,7728.0,-0.00012938284383490748,-0.1111111111111111,-1.0
7/29/07,8/8/07,11,7766.0,7764.0,-0.0002575328354365182,-0.2,-2.0
8/9/07,9/22/07,45,7764.0,7750.0,-0.0018031942297784646,-0.3181818181818182,-14.0
10/5/07,10/14/07,10,7749.0,7748.0,-0.0001290489095367144,-0.1111111111111111,-1.0
11/9/07,11/18/07,10,7748.0,7747.0,-0.00012906556530717606,-0.1111111111111111,-1.0
11/22/07,12/1/07,10,7747.0,7746.0,-0.0001290822253775655,-0.1111111111111111,-1.0
12/2/07,12/11/07,10,7746.0,7745.0,-0.00012909888974954814,-0.1111111111111111,-1.0
12/14/07,12/23/07,10,7745.0,7744.0,-0.0001291155584247902,-0.1111111111111111,-1.0
1/1/08,1/10/08,10,7743.0,7742.0,-0.00012914890869172155,-0.1111111111111111,-1.0
1/11/08,1/24/08,14,7742.0,7740.0,-0.0002583311805734952,-0.15384615384615385,-2.0
1/30/08,4/23/08,85,7739.0,7712.0,-0.0034888228453288537,-0.32142857142857145,-27.0
4/24/08,5/3/08,10,7712.0,7710.0,-0.00025933609958506224,-0.2222222222222222,-2.0
8/11/08,10/17/08,68,7765.0,7739.0,-0.00334835801674179,-0.3880597014925373,-26.0
10/20/08,10/29/08,10,7739.0,7738.0,-0.0001292156609381057,-0.1111111111111111,-1.0
11/20/08,11/29/08,10,7738.0,7737.0,-0.00012923235978288964,-0.1111111111111111,-1.0
12/9/08,12/18/08,10,7737.0,7736.0,-0.00012924906294429367,-0.1111111111111111,-1.0
12/30/08,1/8/09,10,7736.0,7735.0,-0.00012926577042399174,-0.1111111111111111,-1.0
1/14/09,1/23/09,10,7735.0,7734.0,-0.0001292824822236587,-0.1111111111111111,-1.0
1/26/09,2/4/09,10,7734.0,7733.0,-0.00012929919834497026,-0.1111111111111111,-1.0
2/9/09,2/18/09,10,7733.0,7732.0,-0.000129315918789603,-0.1111111111111111,-1.0
2/22/09,3/5/09,12,7732.0,7730.0,-0.0002586652871184687,-0.18181818181818182,-2.0
3/6/09,3/18/09,13,7730.0,7728.0,-0.000258732212160414,-0.16666666666666666,-2.0
3/26/09,4/4/09,10,7728.0,7727.0,-0.00012939958592132506,-0.1111111111111111,-1.0
4/5/09,4/14/09,10,7727.0,7726.0,-0.00012941633234114146,-0.1111111111111111,-1.0
7/30/09,9/22/09,55,7766.0,7740.0,-0.003347926860674736,-0.48148148148148145,-26.0
9/24/09,10/3/09,10,7740.0,7739.0,-0.00012919896640826872,-0.1111111111111111,-1.0
10/5/09,10/14/09,10,7739.0,7738.0,-0.0001292156609381057,-0.1111111111111111,-1.0
10/25/09,11/3/09,10,7738.0,7737.0,-0.00012923235978288964,-0.1111111111111111,-1.0
11/15/09,11/24/09,10,7737.0,7736.0,-0.00012924906294429367,-0.1111111111111111,-1.0
11/30/09,12/9/09,10,7736.0,7735.0,-0.00012926577042399174,-0.1111111111111111,-1.0
12/12/09,12/21/09,10,7735.0,7734.0,-0.0001292824822236587,-0.1111111111111111,-1.0
12/24/09,1/2/10,10,7734.0,7733.0,-0.00012929919834497026,-0.1111111111111111,-1.0
1/5/10,1/14/10,10,7733.0,7732.0,-0.000129315918789603,-0.1111111111111111,-1.0
1/16/10,1/25/10,10,7732.0,7731.0,-0.00012933264355923435,-0.1111111111111111,-1.0
1/27/10,2/5/10,10,7731.0,7730.0,-0.0001293493726555426,-0.1111111111111111,-1.0
2/7/10,2/16/10,10,7730.0,7729.0,-0.000129366106080207,-0.1111111111111111,-1.0
2/27/10,3/8/10,10,7728.0,7727.0,-0.00012939958592132506,-0.1111111111111111,-1.0
3/10/10,3/19/10,10,7727.0,7726.0,-0.00012941633234114146,-0.1111111111111111,-1.0
3/21/10,3/30/10,10,7726.0,7725.0,-0.00012943308309603936,-0.1111111111111111,-1.0
4/3/10,4/12/10,10,7725.0,7724.0,-0.00012944983818770226,-0.1111111111111111,-1.0
6/13/10,6/22/10,10,7766.0,7765.0,-0.0001287664177182591,-0.1111111111111111,-1.0
7/23/10,8/1/10,10,7765.0,7763.0,-0.00025756600128783,-0.2222222222222222,-2.0
8/3/10,10/3/10,62,7763.0,7740.0,-0.002962772124178797,-0.3770491803278688,-23.0
10/5/10,10/18/10,14,7740.0,7738.0,-0.00025839793281653745,-0.15384615384615385,-2.0
11/11/10,11/20/10,10,7738.0,7737.0,-0.00012923235978288964,-0.1111111111111111,-1.0
12/1/10,12/10/10,10,7737.0,7736.0,-0.00012924906294429367,-0.1111111111111111,-1.0
12/16/10,12/25/10,10,7736.0,7735.0,-0.00012926577042399174,-0.1111111111111111,-1.0
12/31/10,1/9/11,10,7735.0,7734.0,-0.0001292824822236587,-0.1111111111111111,-1.0
1/13/11,1/22/11,10,7734.0,7733.0,-0.00012929919834497026,-0.1111111111111111,-1.0
1/25/11,2/3/11,10,7733.0,7732.0,-0.000129315918789603,-0.1111111111111111,-1.0
2/6/11,2/15/11,10,7732.0,7731.0,-0.00012933264355923435,-0.1111111111111111,-1.0
2/16/11,2/28/11,13,7731.0,7729.0,-0.0002586987453110852,-0.16666666666666666,-2.0
3/1/11,3/12/11,12,7729.0,7727.0,-0.00025876568766981497,-0.18181818181818182,-2.0
3/16/11,3/26/11,11,7726.0,7724.0,-0.0002588661661920787,-0.2,-2.0
3/31/11,4/24/11,25,7723.0,7718.0,-0.0006474168069403081,-0.20833333333333334,-5.0
4/26/11,5/8/11,13,7718.0,7712.0,-0.0007774034724021767,-0.5,-6.0
7/10/11,7/17/11,8,7766.0,7763.0,-0.00038629925315477725,-0.42857142857142855,-3.0
8/21/11,8/30/11,10,7764.0,7763.0,-0.00012879958784131891,-0.1111111111111111,-1.0
9/1/11,10/17/11,47,7763.0,7746.0,-0.002189875048306067,-0.3695652173913043,-17.0
11/9/11,11/18/11,10,7746.0,7745.0,-0.00012909888974954814,-0.1111111111111111,-1.0
11/24/11,12/3/11,10,7745.0,7744.0,-0.0001291155584247902,-0.1111111111111111,-1.0
12/5/11,12/14/11,10,7744.0,7743.0,-0.00012913223140495868,-0.1111111111111111,-1.0
12/16/11,12/25/11,10,7743.0,7742.0,-0.00012914890869172155,-0.1111111111111111,-1.0
1/2/12,1/15/12,14,7741.0,7739.0,-0.000258364552383413,-0.15384615384615385,-2.0
1/18/12,1/27/12,10,7739.0,7738.0,-0.0001292156609381057,-0.1111111111111111,-1.0
2/4/12,2/17/12,14,7737.0,7735.0,-0.00025849812588858733,-0.15384615384615385,-2.0
2/20/12,3/4/12,14,7735.0,7733.0,-0.0002585649644473174,-0.15384615384615385,-2.0
3/7/12,3/20/12,14,7733.0,7731.0,-0.000258631837579206,-0.15384615384615385,-2.0
7/3/12,7/15/12,13,7753.0,7751.0,-0.00025796465884173866,-0.16666666666666666,-2.0
7/22/12,8/1/12,11,7750.0,7748.0,-0.00025806451612903227,-0.2,-2.0
8/5/12,10/4/12,61,7747.0,7724.0,-0.002968891183684007,-0.38333333333333336,-23.0
10/6/12,10/15/12,10,7724.0,7723.0,-0.0001294665976178146,-0.1111111111111111,-1.0
11/20/12,11/29/12,10,7723.0,7722.0,-0.00012948336138806163,-0.1111111111111111,-1.0
12/24/12,1/2/13,10,7722.0,7721.0,-0.0001295001295001295,-0.1111111111111111,-1.0
1/18/13,1/27/13,10,7721.0,7720.0,-0.00012951690195570523,-0.1111111111111111,-1.0
2/14/13,2/23/13,10,7720.0,7719.0,-0.00012953367875647668,-0.1111111111111111,-1.0
3/13/13,3/22/13,10,7719.0,7718.0,-0.00012955045990413266,-0.1111111111111111,-1.0
7/23/13,8/8/13,17,7759.0,7755.0,-0.0005155303518494652,-0.25,-4.0
8/12/13,8/24/13,13,7754.0,7751.0,-0.00038689708537529015,-0.25,-3.0
8/28/13,9/13/13,17,7750.0,7747.0,-0.0003870967741935484,-0.1875,-3.0
11/22/13,12/1/13,10,7749.0,7748.0,-0.0001290489095367144,-0.1111111111111111,-1.0
12/7/13,12/16/13,10,7748.0,7747.0,-0.00012906556530717606,-0.1111111111111111,-1.0
12/18/13,12/27/13,10,7747.0,7746.0,-0.0001290822253775655,-0.1111111111111111,-1.0
12/29/13,1/7/14,10,7746.0,7745.0,-0.00012909888974954814,-0.1111111111111111,-1.0
1/8/14,1/17/14,10,7745.0,7744.0,-0.0001291155584247902,-0.1111111111111111,-1.0
1/24/14,2/5/14,13,7743.0,7741.0,-0.0002582978173834431,-0.16666666666666666,-2.0
2/7/14,4/15/14,68,7741.0,7721.0,-0.00258364552383413,-0.29850746268656714,-20.0
8/7/14,8/30/14,24,7765.0,7759.0,-0.00077269800386349,-0.2608695652173913,-6.0
9/3/14,9/30/14,28,7758.0,7751.0,-0.0009022944057746842,-0.25925925925925924,-7.0
10/2/14,10/11/14,10,7751.0,7750.0,-0.00012901561088891756,-0.1111111111111111,-1.0
11/28/14,12/7/14,10,7750.0,7749.0,-0.00012903225806451613,-0.1111111111111111,-1.0
12/16/14,12/25/14,10,7749.0,7748.0,-0.0001290489095367144,-0.1111111111111111,-1.0
12/31/14,1/9/15,10,7748.0,7747.0,-0.00012906556530717606,-0.1111111111111111,-1.0
1/11/15,1/23/15,13,7747.0,7745.0,-0.000258164450755131,-0.16666666666666666,-2.0
1/25/15,2/5/15,12,7745.0,7743.0,-0.0002582311168495804,-0.18181818181818182,-2.0
2/7/15,2/19/15,13,7743.0,7741.0,-0.0002582978173834431,-0.16666666666666666,-2.0
2/21/15,3/5/15,13,7741.0,7739.0,-0.000258364552383413,-0.16666666666666666,-2.0
3/7/15,3/18/15,12,7739.0,7737.0,-0.0002584313218762114,-0.18181818181818182,-2.0
3/19/15,4/1/15,14,7737.0,7735.0,-0.00025849812588858733,-0.15384615384615385,-2.0
7/31/15,10/18/15,80,7765.0,7735.0,-0.0038634900193174502,-0.379746835443038,-30.0
11/1/15,11/10/15,10,7735.0,7734.0,-0.0001292824822236587,-0.1111111111111111,-1.0
11/30/15,12/9/15,10,7734.0,7733.0,-0.00012929919834497026,-0.1111111111111111,-1.0
12/19/15,12/28/15,10,7733.0,7732.0,-0.000129315918789603,-0.1111111111111111,-1.0
1/6/16,1/15/16,10,7732.0,7731.0,-0.00012933264355923435,-0.1111111111111111,-1.0
1/20/16,1/29/16,10,7731.0,7730.0,-0.0001293493726555426,-0.1111111111111111,-1.0
2/5/16,2/14/16,10,7730.0,7729.0,-0.000129366106080207,-0.1111111111111111,-1.0
2/19/16,2/28/16,10,7729.0,7728.0,-0.00012938284383490748,-0.1111111111111111,-1.0
3/4/16,3/13/16,10,7728.0,7727.0,-0.00012939958592132506,-0.1111111111111111,-1.0
3/26/16,4/4/16,10,7727.0,7726.0,-0.00012941633234114146,-0.1111111111111111,-1.0
7/12/16,7/21/16,10,7766.0,7765.0,-0.0001287664177182591,-0.1111111111111111,-1.0
7/23/16,8/7/16,16,7765.0,7762.0,-0.000386349001931745,-0.2,-3.0
8/12/16,10/17/16,67,7761.0,7734.0,-0.003478933127174333,-0.4090909090909091,-27.0
10/28/16,11/6/16,10,7734.0,7733.0,-0.00012929919834497026,-0.1111111111111111,-1.0
11/12/16,11/21/16,10,7733.0,7732.0,-0.000129315918789603,-0.1111111111111111,-1.0
11/25/16,12/4/16,10,7732.0,7731.0,-0.00012933264355923435,-0.1111111111111111,-1.0
12/9/16,12/18/16,10,7731.0,7730.0,-0.0001293493726555426,-0.1111111111111111,-1.0
12/25/16,1/3/17,10,7730.0,7729.0,-0.000129366106080207,-0.1111111111111111,-1.0
1/6/17,1/15/17,10,7729.0,7728.0,-0.00012938284383490748,-0.1111111111111111,-1.0
1/21/17,1/30/17,10,7728.0,7727.0,-0.00012939958592132506,-0.1111111111111111,-1.0
2/2/17,2/11/17,10,7727.0,7726.0,-0.00012941633234114146,-0.1111111111111111,-1.0
2/14/17,2/23/17,10,7726.0,7725.0,-0.00012943308309603936,-0.1111111111111111,-1.0
2/25/17,3/6/17,10,7725.0,7724.0,-0.00012944983818770226,-0.1111111111111111,-1.0
3/8/17,3/17/17,10,7724.0,7723.0,-0.0001294665976178146,-0.1111111111111111,-1.0
3/31/17,4/9/17,10,7725.0,7724.0,-0.00012944983818770226,-0.1111111111111111,-1.0
7/25/17,8/3/17,10,7766.0,7765.0,-0.0001287664177182591,-0.1111111111111111,-1.0
8/8/17,10/10/17,64,7764.0,7740.0,-0.0030911901081916537,-0.38095238095238093,-24.0
10/11/17,10/21/17,11,7740.0,7738.0,-0.00025839793281653745,-0.2,-2.0
11/4/17,11/13/17,10,7738.0,7737.0,-0.00012923235978288964,-0.1111111111111111,-1.0
11/17/17,11/26/17,10,7737.0,7736.0,-0.00012924906294429367,-0.1111111111111111,-1.0
11/30/17,12/9/17,10,7736.0,7735.0,-0.00012926577042399174,-0.1111111111111111,-1.0
12/18/17,12/27/17,10,7734.0,7733.0,-0.00012929919834497026,-0.1111111111111111,-1.0
12/28/17,1/6/18,10,7733.0,7732.0,-0.000129315918789603,-0.1111111111111111,-1.0
1/15/18,1/24/18,10,7731.0,7730.0,-0.0001293493726555426,-0.1111111111111111,-1.0
2/2/18,2/11/18,10,7729.0,7728.0,-0.00012938284383490748,-0.1111111111111111,-1.0
2/21/18,3/2/18,10,7727.0,7726.0,-0.00012941633234114146,-0.1111111111111111,-1.0
3/10/18,3/19/18,10,7725.0,7724.0,-0.00012944983818770226,-0.1111111111111111,-1.0
4/2/18,4/7/18,6,7723.0,7722.0,-0.00012948336138806163,-0.2,-1.0
7/3/18,7/14/18,12,7756.0,7754.0,-0.00025786487880350697,-0.18181818181818182,-2.0
7/21/18,10/14/18,86,7753.0,7718.0,-0.004514381529730427,-0.4117647058823529,-35.0
10/15/18,10/24/18,10,7718.0,7717.0,-0.0001295672454003628,-0.1111111111111111,-1.0
12/24/18,1/2/19,10,7717.0,7716.0,-0.0001295840352468576,-0.1111111111111111,-1.0
1/6/19,1/15/19,10,7716.0,7715.0,-0.00012960082944530845,-0.1111111111111111,-1.0
1/18/19,1/27/19,10,7715.0,7714.0,-0.00012961762799740766,-0.1111111111111111,-1.0
1/30/19,2/8/19,10,7714.0,7713.0,-0.00012963443090484831,-0.1111111111111111,-1.0
2/11/19,2/20/19,10,7713.0,7712.0,-0.0001296512381693245,-0.1111111111111111,-1.0
2/22/19,3/3/19,10,7712.0,7711.0,-0.00012966804979253112,-0.1111111111111111,-1.0
3/14/19,3/23/19,10,7711.0,7710.0,-0.00012968486577616392,-0.1111111111111111,-1.0
4/14/19,4/19/19,6,7711.0,7710.0,-0.00012968486577616392,-0.2,-1.0
8/23/19,10/13/19,52,7765.0,7742.0,-0.002962009014810045,-0.45098039215686275,-23.0
10/14/19,10/23/19,10,7742.0,7741.0,-0.0001291655902867476,-0.1111111111111111,-1.0
11/12/19,11/21/19,10,7741.0,7740.0,-0.0001291822761917065,-0.1111111111111111,-1.0
11/26/19,12/5/19,10,7740.0,7739.0,-0.00012919896640826872,-0.1111111111111111,-1.0
12/9/19,12/18/19,10,7739.0,7738.0,-0.0001292156609381057,-0.1111111111111111,-1.0
12/20/19,12/29/19,10,7738.0,7737.0,-0.00012923235978288964,-0.1111111111111111,-1.0
12/31/19,1/9/20,10,7737.0,7736.0,-0.00012924906294429367,-0.1111111111111111,-1.0
1/11/20,1/20/20,10,7736.0,7735.0,-0.00012926577042399174,-0.1111111111111111,-1.0
1/22/20,1/31/20,10,7735.0,7734.0,-0.0001292824822236587,-0.1111111111111111,-1.0
2/1/20,2/10/20,10,7734.0,7733.0,-0.00012929919834497026,-0.1111111111111111,-1.0
2/11/20,2/20/20,10,7733.0,7732.0,-0.000129315918789603,-0.1111111111111111,-1.0
2/21/20,3/1/20,10,7732.0,7731.0,-0.00012933264355923435,-0.1111111111111111,-1.0
3/2/20,3/7/20,10,7731.0,7730.0,-0.0001293493726555426,-0.1111111111111111,-1.0
3/12/20,3/17/20,10,7730.0,7729.0,-0.000129366106080207,-0.1111111111111111,-1.0
3/24/20,3/29/20,10,7729.0,7728.0,-0.00012938284383490748,-0.1111111111111111,-1.0
3/30/20,4/4/20,10,7728.0,7727.0,-0.00012939958592132506,-0.1111111111111111,-1.0
4/4/20,4/9/20,10,7727.0,7726.0,-0.00012941633234114146,-0.1111111111111111,-1.0
4/9/20,4/14/20,10,7726.0,7725.0,-0.00012943308309603936,-0.1111111111111111,-1.0
4/15/20,4/20/20,10,7725.0,7724.0,-0.00012944983818770226,-0.1111111111111111,-1.0
4/20/20,4/25/20,10,7724.0,7723.0,-0.0001294665976178146,-0.1111111111111111,-1.0
7/27/20,8/1/20,10,7760.0,7759.0,-0.0001288659793814433,-0.1111111111111111,-1.0
8/1/20,8/7/20,12,7759.0,7757.0,-0.0002577651759247326,-0.18181818181818182,-2.0
8/8/20,8/16/20,16,7757.0,7754.0,-0.00038674745391259507,-0.2,-3.0
8/16/20,9/25/20,78,7754.0,7733.0,-0.0027082795976270313,-0.2727272727272727,-21.0
9/25/20,10/6/20,22,7733.0,7728.0,-0.000646579593948015,-0.23809523809523808,-5.0
10/6/20,10/11/20,10,7728.0,7726.0,-0.0002587991718426501,-0.2222222222222222,-2.0
10/11/20,10/17/20,12,7726.0,7724.0,-0.0002588661661920787,-0.18181818181818182,-2.0
10/17/20,10/24/20,14,7724.0,7722.0,-0.0002589331952356292,-0.15384615384615385,-2.0
10/31/20,11/5/20,10,7722.0,7721.0,-0.0001295001295001295,-0.1111111111111111,-1.0
12/2/20,12/7/20,10,7721.0,7720.0,-0.00012951690195570523,-0.1111111111111111,-1.0
12/24/20,12/29/20,10,7720.0,7719.0,-0.00012953367875647668,-0.1111111111111111,-1.0
1/9/21,1/18/21,10,7719.0,7718.0,-0.00012955045990413266,-0.1111111111111111,-1.0
1/19/21,1/28/21,10,7718.0,7717.0,-0.0001295672454003628,-0.1111111111111111,-1.0
1/30/21,2/8/21,10,7717.0,7716.0,-0.0001295840352468576,-0.1111111111111111,-1.0
2/11/21,2/20/21,10,7716.0,7715.0,-0.00012960082944530845,-0.1111111111111111,-1.0
2/23/21,3/4/21,10,7715.0,7714.0,-0.00012961762799740766,-0.1111111111111111,-1.0
